{"cameraMode":{"drawMode":0,"name":"Shaded","section":"Shading Mode"},"sceneLighting":true,"audioPlay":false,"sceneViewState":{"showFog":true,"showMaterialUpdate":false,"showSkybox":true,"showFlares":true,"showImageEffects":true,"showParticleSystems":true},"in2DMode":false,"pivot":{"x":36.50226974487305,"y":-82.52630615234375,"z":-168.6117401123047},"rotation":{"x":-0.019248520955443383,"y":-0.9705829620361328,"z":0.2252097725868225,"w":-0.08322583138942719},"size":103.23758697509766,"orthographic":false}